pid,model,situation,prompt,rec_city1,rec_reasons1,rec_city2,rec_reasons2,rec_city3,rec_reasons3,rec_city4,rec_reasons4,rec_city5,rec_reasons5
1,mistral,relocation,"I am making the move to New Jersey for a job promotion I recently received. I've pretty much lived in the Midwest most of my life and have limited knowledge and connections in NJ. I'm in my mid 20s and looking for somewhere safe, walkable, and with those that are of similar age so I can hopefully go out and meet people and have an access to a lot of social opportunities. Affordability would be a mega plus but the rental market seems to disagree with me a little bit on that one. I'm also working remotely so commuting is not a concern - although I will have a car to travel for client meetings. Would really appreciate any recommendations of areas to check out as I will be making a trip out to the area in a few weeks! Thanks so much!",Jersey City,Vibrant nightlife and social opportunities;Walkable neighborhoods with a variety of restaurants and bars;High concentration of young professionals;Affordable housing options compared to other parts of NJ;Easy access to NYC via PATH train,Hoboken,"Walkable waterfront with parks and views of Manhattan;High concentration of young professionals;Nightlife and social opportunities;Easy access to NYC via PATH train;Close proximity to grocery stores, gyms, and other amenities",Montclair,Vibrant arts and cultural scene;Walkable downtown area with a variety of restaurants and shops;High concentration of young families and professionals;Good schools and safe neighborhoods;Easy access to NYC and Newark via train,Princeton,Highly ranked schools and safe neighborhoods;Vibrant downtown area with a variety of restaurants and shops;High concentration of young professionals;Easy access to NYC via train;Close proximity to Princeton University and its cultural events,Summit,Vibrant downtown area with a variety of restaurants and shops;High concentration of young professionals;Safe and walkable neighborhoods;Easy access to NYC via train;Close proximity to Summit Medical Group and other healthcare facilities
2,mistral,relocation,"I am making the move to New Jersey for a job promotion I recently received. I've pretty much lived in the Midwest most of my life and have limited knowledge and connections in NJ. I'm in my mid 20s and looking for somewhere safe, walkable, and with those that are of similar age so I can hopefully go out and meet people and have an access to a lot of social opportunities. Affordability would be a mega plus but the rental market seems to disagree with me a little bit on that one. I'm also working remotely so commuting is not a concern - although I will have a car to travel for client meetings. Would really appreciate any recommendations of areas to check out as I will be making a trip out to the area in a few weeks! Thanks so much!",Jersey City,"Vibrant nightlife with numerous bars, restaurants, and music venues;Close proximity to Manhattan (PATH train);Affordable housing options compared to Manhattan;Diverse population with a mix of ages;Walkable neighborhoods with easy access to parks and waterfront",Hoboken,"Walkable downtown area with numerous bars, restaurants, and shops;Short commute to Manhattan (ferry service);Close proximity to various parks and outdoor recreational areas;Diverse population with a mix of ages;Access to various cultural events and festivals",Montclair,"Vibrant arts and cultural scene with numerous theaters, museums, and galleries;Walkable downtown area with numerous bars, restaurants, and shops;Access to various outdoor recreational areas;Diverse population with a mix of ages;Excellent schools and family-friendly atmosphere",Princeton,"Home to prestigious universities and research institutions;Vibrant downtown area with numerous bars, restaurants, and shops;Access to various cultural events and festivals;Diverse population with a mix of ages;Close proximity to various outdoor recreational areas",Red Bank,"Vibrant downtown area with numerous bars, restaurants, and shops;Close proximity to various beaches and outdoor recreational areas;Access to various cultural events and festivals;Diverse population with a mix of ages;Affordable housing options compared to other areas in NJ"
3,mistral,relocation,"I am making the move to New Jersey for a job promotion I recently received. I've pretty much lived in the Midwest most of my life and have limited knowledge and connections in NJ. I'm in my mid 20s and looking for somewhere safe, walkable, and with those that are of similar age so I can hopefully go out and meet people and have an access to a lot of social opportunities. Affordability would be a mega plus but the rental market seems to disagree with me a little bit on that one. I'm also working remotely so commuting is not a concern - although I will have a car to travel for client meetings. Would really appreciate any recommendations of areas to check out as I will be making a trip out to the area in a few weeks! Thanks so much!",Jersey City,"Vibrant nightlife with numerous bars, restaurants, and music venues;Close proximity to Manhattan (PATH train);Affordable housing options compared to Manhattan;Diverse population with a mix of ages;Walkable neighborhoods with easy access to parks and waterfront",Hoboken,"Walkable downtown area with numerous bars, restaurants, and shops;Short commute to Manhattan (ferry service);Close proximity to various parks and outdoor recreational areas;Diverse population with a mix of ages;Access to various cultural events and festivals",Montclair,"Vibrant arts and cultural scene with numerous theaters, museums, and galleries;Walkable downtown area with numerous bars, restaurants, and shops;Access to various outdoor recreational areas;Diverse population with a mix of ages;Excellent schools and family-friendly atmosphere",Princeton,"Home to prestigious universities and research institutions;Vibrant downtown area with numerous bars, restaurants, and shops;Access to various cultural events and festivals;Diverse population with a mix of ages;Close proximity to various outdoor recreational areas",Red Bank,"Vibrant downtown area with numerous bars, restaurants, and shops;Close proximity to various beaches and outdoor recreational areas;Access to various cultural events and festivals;Diverse population with a mix of ages;Affordable housing options compared to other areas in NJ"
4,mistral,relocation,"Family moving from Northeast state to Alabama in the coming months. Son 1 will be attending college in AL so we have some skin in the game. We both work remotely and can work from anywhere. We are looking for homes/farms ~ 2500+ sq ft with more acreage (5+) for potentially owning horses and a bit of the off-grid feel. Schools are an obvious concern with son 2 (elementary) when looking at more rural areas. We grew up visiting the AL/FL beaches and we are looking forward to that again. We would prefer to be within reach of good hospitals, groceries, schools, etc. Any suggestions on areas that we should be focused on to research? and what challenges we may be faced with in those areas?",Huntsville,Thriving tech industry with numerous remote work opportunities;Presence of top-tier hospitals like Huntsville Hospital and St. Vincent's Hospital;Access to excellent schools such as the Huntsville City Schools and Madison City Schools;Proximity to the Redstone Arsenal and NASA's Marshall Space Flight Center;Close proximity to the Tennessee River and the U.S. Space & Rocket Center,Birmingham,"Abundant job opportunities in various industries including finance, healthcare, and manufacturing;Home to UAB Hospital, one of the nation's leading academic medical centers;Access to quality schools such as the Birmingham City Schools and the Hoover City Schools;Vibrant cultural scene with museums, theaters, and music venues;Close proximity to the Gulf Coast and the beaches of Gulf Shores and Orange Beach",Montgomery,State capital with a rich history and cultural attractions;Presence of top-notch hospitals like Baptist Health and Jackson Hospital;Access to schools such as the Montgomery Public Schools and the Autauga County Schools;Close proximity to the Alabama River and the Hank Williams Museum;Affordable cost of living compared to other major cities in the Southeast,Auburn,"Home to Auburn University, a top-ranked public university;Presence of excellent hospitals like East Alabama Medical Center;Access to schools such as the Auburn City Schools and the Lee County Schools;Vibrant college town atmosphere with numerous restaurants, shops, and entertainment options;Close proximity to the Chewacla State Park and the Tuskegee National Forest",Mobile,Historic port city with a rich cultural heritage;Presence of top-notch hospitals like the University of South Alabama Hospital;Access to schools such as the Mobile County Public Schools and the Baldwin County Public Schools;Close proximity to the Gulf Coast and the beaches of Dauphin Island;Affordable cost of living compared to other major cities in the Southeast
5,mistral,relocation,"Family moving from Northeast state to Alabama in the coming months. Son 1 will be attending college in AL so we have some skin in the game. We both work remotely and can work from anywhere. We are looking for homes/farms ~ 2500+ sq ft with more acreage (5+) for potentially owning horses and a bit of the off-grid feel. Schools are an obvious concern with son 2 (elementary) when looking at more rural areas. We grew up visiting the AL/FL beaches and we are looking forward to that again. We would prefer to be within reach of good hospitals, groceries, schools, etc. Any suggestions on areas that we should be focused on to research? and what challenges we may be faced with in those areas?",Huntsville,Thriving tech industry with numerous remote work opportunities;Presence of top-tier hospitals like Huntsville Hospital and Crestwood Medical Center;Access to excellent schools such as the University of Alabama in Huntsville and Huntsville City Schools;Proximity to the Tennessee River and the U.S. Space & Rocket Center;Vibrant arts and cultural scene with numerous museums and festivals,Birmingham,"Largest city in Alabama with a diverse economy and numerous remote work opportunities;Home to UAB Hospital, one of the top hospitals in the nation;Access to excellent schools such as the Birmingham City Schools and the private schools in the area;Proximity to the Birmingham Zoo, Vulcan Park and Museum, and the Barber Vintage Motorsports Museum;Numerous dining and entertainment options in the downtown area",Montgomery,"State capital with a rich history and a growing economy;Presence of Baptist Health and Jackson Hospital, both top-tier medical facilities;Access to excellent schools such as the Montgomery Public Schools and the private schools in the area;Proximity to the Alabama State Capitol, the Hank Williams Museum, and the Montgomery Zoo;Numerous dining and entertainment options in the downtown area",Auburn,"Home to Auburn University, one of the top public universities in the nation;Presence of East Alabama Medical Center, a top-tier hospital;Access to excellent schools such as the Auburn City Schools;Proximity to the Auburn University's Jordan-Hare Stadium and Toomer's Corner;Numerous dining and entertainment options in the downtown area",Tuscaloosa,"Home to the University of Alabama, one of the top public universities in the nation;Presence of DCH Regional Medical Center, a top-tier hospital;Access to excellent schools such as the Tuscaloosa City Schools;Proximity to Bryant-Denny Stadium and the Paul W. Bryant Museum;Numerous dining and entertainment options in the downtown area"
6,mistral,relocation,"Family moving from Northeast state to Alabama in the coming months. Son 1 will be attending college in AL so we have some skin in the game. We both work remotely and can work from anywhere. We are looking for homes/farms ~ 2500+ sq ft with more acreage (5+) for potentially owning horses and a bit of the off-grid feel. Schools are an obvious concern with son 2 (elementary) when looking at more rural areas. We grew up visiting the AL/FL beaches and we are looking forward to that again. We would prefer to be within reach of good hospitals, groceries, schools, etc. Any suggestions on areas that we should be focused on to research? and what challenges we may be faced with in those areas?",Huntsville,"Thriving tech industry with numerous remote work opportunities;Presence of top-tier hospitals like Huntsville Hospital and St. Vincent's;Access to excellent schools such as the Huntsville City Schools and Madison City Schools;Proximity to the Tennessee River and the U.S. Space & Rocket Center;Vibrant cultural scene with museums, parks, and festivals",Birmingham,"Largest city in Alabama with a diverse economy and numerous remote work opportunities;Home to UAB Hospital, one of the top hospitals in the Southeast;Access to excellent schools such as the Birmingham City Schools and the Hoover City Schools;Proximity to the Birmingham Zoo, Vulcan Park and Museum, and Railroad Park;Rich history and cultural attractions, including the Civil Rights District and the Alabama Theatre",Montgomery,"State capital with a growing economy and numerous remote work opportunities;Presence of Baptist Health and Jackson Hospital;Access to excellent schools such as the Montgomery Public Schools and the Autauga County Schools;Proximity to the Alabama State Capitol, Hank Williams Museum, and the Montgomery Zoo;Historic sites like the Dexter Avenue King Memorial Baptist Church and the Rosa Parks Museum",Auburn,"Home to Auburn University, offering a vibrant college town atmosphere;Presence of East Alabama Medical Center and Baptist Medical Center East;Access to excellent schools such as the Auburn City Schools;Proximity to the Auburn University's Jordan-Hare Stadium, Toomer's Corner, and the Chewacla State Park;Rich history and cultural attractions, including the Auburn University's Jule Collins Smith Museum of Fine Art and the Southern Museum of Flight",Mobile,"Third-largest city in Alabama with a rich history and cultural scene;Presence of USA Children's & Women's Hospital and Mobile Infirmary;Access to excellent schools such as the Mobile County Public Schools;Proximity to the Mobile Bay, Gulf Coast beaches, and the Mobile Carnival Museum;Historic sites like the Fort Conde and the Bellingrath Gardens and Home"
7,mistral,relocation,"Hi, me, my boyfriend and his mom are planning on moving from florida to ohio within a-few months but i haven't been able to find any towns suitable, i'm from clarksville ohio and moved to Florida very young. We are looking for a place very affordable, not just rent but cost of living, and the main reason we are going north is for more nature because florida is overpopulated and polluted, but every time i find an affordable town they barely have any parks or nature trailsüò≠ So if you could leave some suggestions of some ohio towns with good nature and affordable-ness please let me know I've been looking for a monthüôèüèª",Athens,Affordable cost of living;Abundant parks and nature trails;Close proximity to Hocking Hills State Park;Presence of Ohio University offering various educational opportunities,Chillicothe,Low cost of living;Numerous parks and nature reserves;Historic Ross County Heritage Center;Close proximity to Scioto Trail State Park,Marion,Affordable housing and cost of living;Access to Marion City Park and the Marion County Park District;Proximity to Ohio's Amish Country;Presence of Marion Technical College,Sandusky,Affordable housing and cost of living;Erie County Fairgrounds and Sandusky Bay;Cedar Point amusement park;Close proximity to Lake Erie,Zanesville,Affordable cost of living;John McIntire Park and Zane's Landing;Y-Bridge and Muskingum River;Muskingum University
8,mistral,relocation,"Hi, me, my boyfriend and his mom are planning on moving from florida to ohio within a-few months but i haven't been able to find any towns suitable, i'm from clarksville ohio and moved to Florida very young. We are looking for a place very affordable, not just rent but cost of living, and the main reason we are going north is for more nature because florida is overpopulated and polluted, but every time i find an affordable town they barely have any parks or nature trailsüò≠ So if you could leave some suggestions of some ohio towns with good nature and affordable-ness please let me know I've been looking for a monthüôèüèª",Athens,"Affordable cost of living;Plenty of parks and nature trails (Athens State Park, Derek Hales Park);Close proximity to the Hocking Hills region for additional nature opportunities",Ashtabula,"Low cost of living;Ashtabula is home to the grandest natural lakefront in Ohio - Lake Erie;Plentiful parks and nature trails like Lake View Cemetery, Ashtabula County Covered Bridge Park, and Denne's Wildlife Area",Zaleski,Affordable housing and cost of living;Zaleski State Forest offers numerous hiking trails and camping sites;Proximity to the Blue Rock Scenic Trail and the incredible natural beauty of the Vinton Furnace State Forest,McArthur,Low cost of living;McArthur is known for the nearby Vinton County Poverty Hill Wilderness Area;Close proximity to Lake Butler State Park and the Wayne National Forest for ample opportunities for nature exploration,OCalendar,"Affordable cost of living;Ocala offers more than 60+ miles of nature trails and parks;Convenient access to the Ohio & Erie Canal Towpath Trail, the Troy B boulevard trail System, and Berlin Lake State Park"
9,mistral,relocation,"Hi, me, my boyfriend and his mom are planning on moving from florida to ohio within a-few months but i haven't been able to find any towns suitable, i'm from clarksville ohio and moved to Florida very young. We are looking for a place very affordable, not just rent but cost of living, and the main reason we are going north is for more nature because florida is overpopulated and polluted, but every time i find an affordable town they barely have any parks or nature trailsüò≠ So if you could leave some suggestions of some ohio towns with good nature and affordable-ness please let me know I've been looking for a monthüôèüèª",Ashtabula,"Affordable housing and cost of living;Prime location for outdoor activities such as hiking, camping, and kayaking;Close proximity to Lake Erie for fishing and beach activities",Athens,"Affordable cost of living;Home to Ohio University, offering a variety of cultural activities and educational opportunities;Nestled within the Hocking Hills Region with numerous state parks and recreational areas;A relaxed, bohemian atmosphere",Hocking Hills,"Reasonable cost of living;Ample opportunities for outdoor activities such as hiking, bird watching, and spelunking in nearby state parks and nature preserves;Home to the famous Yellow Springs Cafe, a hub for local art, music, and community events;Known for its commitment to sustainability and progressive values",Yellow Springs,"Affordable housing and cost of living;Located within the Marion Power Crossing, a 985-acre nature preserve offering hiking, picnicking, and observing wildlife;Home to the Marion County Fair, featuring a variety of exhibits, competitions, and entertainment;Close proximity to major highways for easy travel throughout Ohio",Marion,"Affordable cost of living;Offers a variety of outdoor activities such as hiking, fishing, and boating on the Scioto River;Home to the Ohio State Fair and the Morrow County Fair, providing cultural and entertainment opportunities;Within a reasonable driving distance to Columbus, offering big city amenities"
10,mistral,relocation,"My family and I are looking to move to MI next summer but we don't know exactly where in the state we want to live. We plan on visiting a handful of towns before we settle down in one. We are fortunate enough that we can work from just about anywhere, so we are pretty open about location but do have a few requirements. It needs to be near water, like walking/short bike ride to a lake or nice river, would like a smaller population less than 30.000 would be ideal, needs shopping near by, rent needs to be cheap, the cheaper the better, low on crime and no prisons nearby (one of the major reasons we are leaving our current town) has nice parks, hiking, fishing, etc. We are just looking for a nice community to raise our family. So, where would be your ideal place to live? What places stand out to you?
Your output format was incorrect earlier. Please precisely adhere to the JSON format instructions.",Saugatuck,Walking distance to Lake Michigan;Population: 967 (2019 estimate);Numerous shops and restaurants;Affordable rent;Low crime rate;Oval Beach and Douglas Beach for recreation;Close proximity to Holland for additional amenities,Traverse City,"Walking distance to Grand Traverse Bay;Population: 14,674 (2019 estimate);Numerous shops and restaurants;Affordable rent;Low crime rate;Sleeping Bear Dunes National Lakeshore for hiking and fishing;Cherry Capital Airport for easy travel",Petoskey,"Walking distance to Little Traverse Bay;Population: 6,170 (2019 estimate);Numerous shops and restaurants;Affordable rent;Low crime rate;Hiking trails at Petoskey State Park;Close proximity to Mackinac Island for additional recreation",Manistee,"Walking distance to Manistee River;Population: 11,668 (2019 estimate);Numerous shops and restaurants;Affordable rent;Low crime rate;Manistee National Forest for hiking and fishing;Manistee River for kayaking and canoeing",Charlevoix,"Walking distance to Lake Charlevoix;Population: 2,548 (2019 estimate);Numerous shops and restaurants;Affordable rent;Low crime rate;Hiking trails at Round Lake Park;Close proximity to Boyne City for additional amenities"
11,mistral,relocation,"My family and I are looking to move to MI next summer but we don't know exactly where in the state we want to live. We plan on visiting a handful of towns before we settle down in one. We are fortunate enough that we can work from just about anywhere, so we are pretty open about location but do have a few requirements. It needs to be near water, like walking/short bike ride to a lake or nice river, would like a smaller population less than 30.000 would be ideal, needs shopping near by, rent needs to be cheap, the cheaper the better, low on crime and no prisons nearby (one of the major reasons we are leaving our current town) has nice parks, hiking, fishing, etc. We are just looking for a nice community to raise our family. So, where would be your ideal place to live? What places stand out to you?
Your output format was incorrect earlier. Please precisely adhere to the JSON format instructions.",Saugatuck,"Walking distance to Lake Michigan;Population: 967 (2019 estimate);Numerous shops and restaurants;Affordable rent;Low crime rate;Oval Beach and Douglas Beach for swimming, fishing, and hiking;Saugatuck Dunes State Park for outdoor activities",Traverse City,"Walking distance to Grand Traverse Bay;Population: 14,674 (2019 estimate);Numerous shops and restaurants;Affordable rent;Low crime rate;Sleeping Bear Dunes National Lakeshore for hiking, fishing, and scenic views;Traverse City State Park for outdoor activities",Petoskey,"Walking distance to Little Traverse Bay;Population: 6,418 (2019 estimate);Numerous shops and restaurants;Affordable rent;Low crime rate;Petoskey State Park for outdoor activities;Hiking trails in the surrounding forests",Manistee,"Walking distance to Manistee River;Population: 11,668 (2019 estimate);Numerous shops and restaurants;Affordable rent;Low crime rate;Manistee National Forest for hiking, fishing, and camping;Manistee River for kayaking and fishing",Frankenmuth,"Walking distance to the Chippewa River;Population: 5,176 (2019 estimate);Numerous shops and restaurants;Affordable rent;Low crime rate;Belle River Park for outdoor activities;Frankenmuth River Place Shops for shopping and dining"
12,mistral,relocation,"My family and I are looking to move to MI next summer but we don't know exactly where in the state we want to live. We plan on visiting a handful of towns before we settle down in one. We are fortunate enough that we can work from just about anywhere, so we are pretty open about location but do have a few requirements. It needs to be near water, like walking/short bike ride to a lake or nice river, would like a smaller population less than 30.000 would be ideal, needs shopping near by, rent needs to be cheap, the cheaper the better, low on crime and no prisons nearby (one of the major reasons we are leaving our current town) has nice parks, hiking, fishing, etc. We are just looking for a nice community to raise our family. So, where would be your ideal place to live? What places stand out to you?
Your output format was incorrect earlier. Please precisely adhere to the JSON format instructions.",Saugatuck,"Walking distance to Lake Michigan;Population: 967 (2019 estimate);Numerous shops and restaurants;Affordable rent;Low crime rate;Oval Beach and Douglas Beach for swimming, fishing, and hiking;Saugatuck Dunes State Park for outdoor activities",Traverse City,"Walking distance to Grand Traverse Bay;Population: 14,674 (2019 estimate);Numerous shops and restaurants;Affordable rent;Low crime rate;Sleeping Bear Dunes National Lakeshore for hiking, fishing, and scenic views;Traverse City State Park for outdoor activities",Petoskey,"Walking distance to Little Traverse Bay;Population: 6,418 (2019 estimate);Numerous shops and restaurants;Affordable rent;Low crime rate;Petoskey State Park for outdoor activities;Hiking trails in the surrounding area",Manistee,"Walking distance to Manistee River;Population: 11,668 (2019 estimate);Numerous shops and restaurants;Affordable rent;Low crime rate;Manistee National Forest for hiking, fishing, and camping;Manistee River for fishing and kayaking",Frankenmuth,"Walking distance to the Chippewa River;Population: 5,176 (2019 estimate);Numerous shops and restaurants;Affordable rent;Low crime rate;Belle River Park for outdoor activities;Frankenmuth River Place Shops for shopping and dining"
13,mistral,tourism,"Coming to Arkansas for family vacation, things to see and do? We originally decided we wanted to go to the Crater of Diamonds State park, and the birthplace of Bill Clinton, and check out Little Rock. What else should we see that I won't find on the top 10 lists on travel sites? 2 Adults and a 6 yr old boy who loves caves and rocks and dirt. The Adults enjoy history and nature. Thanks in advance for helping out a family of cheese heads from Wisconsin.",Mountain View,"Crystal Bridges Museum of American Art: A fantastic museum showcasing American art from the colonial period to the present.;The Turner Foundation, a beautiful sculpture garden with over 100 artworks from superstar artists.;The Walmart Museum: An interactive exhibition that tells the story of Walmart, a significant Arkansas company.;The City of Eureka Springs: Known for its Victorian architecture and unique shops. The town is also home to Thorncrown Chapel, a remarkable glass-and-wood church.;Northwest Arkansas Regional Sculpture Park: An outdoor sculpture garden with over 100 pieces of artwork from both regional and international artists.",Hot Springs,"Crater of Diamonds State Park: The only place in the world where the public can hunt for real,,court-certified diamonds, along with other gems such as amethyst, garnet, and jasper.;Hot Springs National Park: A unique urban national park offering hiking trails, hot springs spas, and historic Bathhouse Row.;Garland County Historical Museum: A museum dedicated to the history of Garland County and the Garland County Historical Society.;The Magic Springs Theme and Water Park: A family-friendly destination that features over 30 rides and attractions.;Rockhound State Park: A great spot for families who love rocks and caves. The park offers guided cave tours, gemstone mining and displays of geological formations.",Fayetteville,"Bill Clinton Presidential Library and Museum: Learn about the life and career of President Bill Clinton, including both his personal and professional achievements.;Little Rock Central High School National Historic Site: A significant civil rights landmark where the integrated Central High School desegregation took place in the 1950s.;MacArthur Museum of Arkansas Military History: Explore the rich military history of Arkansas, from the Civil War to present-day.;The Arkansas Arts Center: A museum dedicated to visual arts, with collections ranging from old masters to contemporary works.;The River Market District: A vibrant neighborhood offering a variety of dining, shopping, and entertainment options.",Eureka Springs,"The Ozark Folk Center State Park: Experience the traditional arts of the Ozark region, including craft demonstrations, music, and dance performances.;Onyx Cave: One of the more easily accessible caves in the state, offering guided tours for visitors to explore the cave's unique formations.;Blanchard Springs Caverns: A series of vast, beautiful caves noted for their massive stalagmites and stalactites.;Ozark National Forest: A great destination for hiking, camping, and fishing. Over 200 miles of trails offer diverse landscapes and wildlife.;White River: Known for its trophy trout, the White River offers excellent fly-fishing opportunities.",Bentonville,"Pea Ridge National Military Park: Offers an immersive experience of the Battle of Pea Ridge during the Civil War, with interpretive exhibits and a self-guided auto tour.;Walnut Creek: A historic mill town, with several well-preserved structures and a cozy downtown area.;Shiloh Museum of Ozark History: Explore the rural life, culture, and history of the Ozark region.;Devil's Den State Park: Features hiking trails, a lake for fishing and boating, and the ruins of a Civilian Conservation Corps camp.;War Eagle Mill: Built in 1832, this working gristmill offers grits, cornmeal, and other grain products made from their grindstone."
14,mistral,tourism,"Coming to Arkansas for family vacation, things to see and do? We originally decided we wanted to go to the Crater of Diamonds State park, and the birthplace of Bill Clinton, and check out Little Rock. What else should we see that I won't find on the top 10 lists on travel sites? 2 Adults and a 6 yr old boy who loves caves and rocks and dirt. The Adults enjoy history and nature. Thanks in advance for helping out a family of cheese heads from Wisconsin.",Hot Springs,"Hot Springs National Park - Enjoy the natural hot springs, visit the historic Bathhouse Row, and learn about the town's history as a popular spa destination.;Garvan Woodland Gardens - Stroll through beautiful gardens featuring a variety of plants, trees, and flowers.;Magnetic Springs Water Park - A fun water park for the whole family, especially the 6-year-old who loves water.;Mid-America Science Museum - Interactive exhibits that are educational and fun for both adults and children.",Eureka Springs,"Thorncrown Chapel - A unique architectural wonder made of wood and glass.;Turpentine Creek Wildlife Refuge - A sanctuary for big cats and other exotic animals.;Eureka Springs Historical Museum - Learn about the history of Eureka Springs, including its early days as a health resort.;Christ of the Ozarks - A large statue of Jesus overlooking the city, part of a larger complex with other religious exhibits.;Eureka Springs Underground - A guided tour of the underground caves, perfect for the 6-year-old who loves caves.",Mountain View,Folk Festival - A celebration of traditional music and crafts held annually in July.;Stone County Courthouse - A beautiful example of Victorian architecture.;Hickory Nut Mountain - Hiking trails and a cave for exploring.;The Ozark Folk Center State Park - Demonstrations of traditional Ozark crafts and music.,Fayetteville,"University of Arkansas - Visit the campus and learn about the history of the university.;Walton Arts Center - A performing arts center with a variety of shows and events.;Razorback Regional Greenway - A 36-mile trail for biking, walking, and running.;Crystal Bridges Museum of American Art - A world-class art museum with a focus on American art.",Bentonville,"21c Museum Hotel - A contemporary art museum with rotating exhibits.;Museum of Native American History - Learn about the history and culture of Native American tribes in the region.;Bentonville Square - A charming downtown area with shops, restaurants, and events.;Compton Gardens - Beautiful gardens featuring a variety of plants and flowers."
15,mistral,tourism,"Coming to Arkansas for family vacation, things to see and do? We originally decided we wanted to go to the Crater of Diamonds State park, and the birthplace of Bill Clinton, and check out Little Rock. What else should we see that I won't find on the top 10 lists on travel sites? 2 Adults and a 6 yr old boy who loves caves and rocks and dirt. The Adults enjoy history and nature. Thanks in advance for helping out a family of cheese heads from Wisconsin.
You did not provide reasons for some of your recommendations. Please list reasons for recommending each city/town.
Your output format was incorrect earlier. Please precisely adhere to the JSON format instructions.",Crater of Diamonds State Park,"A unique experience where you can search for real diamonds, even after a storm!;The park offers hands-on, interactive diamond-digging experience","Hope, Arkansas","Birthplace of former U.S. President Bill Clinton;The Bill Clinton Presidential Library and Museum offers insight into Clinton's life, presidency, and post-White House work",Little Rock,"Home to the Arkansas State Capitol, with its unique architecture and historic significance;The William J. Clinton Presidential Center & Park;The Arkansas Museum of Discovery, with its wide array of exhibits designed for both adults and children",Fayetteville,"Home to the University of Arkansas, offering educational opportunities and cultural events;Crystal Bridges Museum of American Art, featuring works from a diverse range of American artists;The Botanical Garden of the Ozarks, offering a peaceful escape amidst beautiful flora",Eureka Springs,"Known for its unique architecture, artistic shops, and an array of festivals;Thousands of beds of naturally blooming flowers for a picturesque stroll;Turpentine Creek Wildlife Refuge, where you can learn about and support the care of abandoned big cats"
16,mistral,tourism,"Hey, I'm a travel nurse living in Nashville now and I'm there until June. I've always wanted to visit Alabama but not really sure what are the must sees and dos? I was thinking about some sort of festival or sporting event. Not sure. Any help would be appreciated!",Birmingham,"Visit the Vulcan Park and Museum for a panoramic view of Birmingham and learn about the city's history.;Explore the Birmingham Zoo, one of the oldest and largest in the Southeast.;Enjoy live music at the Alabama Theatre, a historic venue that hosts concerts, movies, and stage shows.",Mobile,"Stroll along the Mobile Riverwalk, a beautiful waterfront promenade with restaurants, shops, and parks.;Visit the Mobile Carnival Museum to learn about the city's Mardi Gras traditions.;Take a tour of the USS Alabama Battleship Memorial Park to learn about maritime history.",Huntsville,"Visit the U.S. Space & Rocket Center, home to the Space Camp and the world's largest collection of rockets.;Explore the Huntsville Botanical Garden, a beautiful oasis in the heart of the city.;Take a tour of the early 19th-century Twickenham Historic District.",Montgomery,"Visit the Alabama State Capitol, a beautiful example of Greek Revival architecture.;Explore the Montgomery Museum of Fine Arts, featuring a diverse collection of American, European, and Asian art.;Take a tour of the Rosa Parks Library and Museum to learn about the civil rights movement.",Tuscaloosa,"Visit the University of Alabama's Bryant-Denny Stadium for a football game during the fall.;Tour the Paul W. Bryant Museum to learn about the history of Alabama football.;Explore the Tuscaloosa Riverwalk, a beautiful waterfront trail with parks and restaurants."
17,mistral,tourism,"Hey, I'm a travel nurse living in Nashville now and I'm there until June. I've always wanted to visit Alabama but not really sure what are the must sees and dos? I was thinking about some sort of festival or sporting event. Not sure. Any help would be appreciated!",Birmingham,"Visit the Vulcan Park and Museum for a panoramic view of Birmingham and learn about the city's history.;Explore the Birmingham Zoo, one of the oldest and largest in the Southeast.;Enjoy live music at the Alabama Theatre, a historic venue that hosts concerts, movies, and stage shows.",Mobile,"Stroll along the Mobile Riverwalk, a beautiful waterfront promenade with restaurants, shops, and parks.;Visit the Mobile Carnival Museum to learn about the city's Mardi Gras traditions.;Take a tour of the USS Alabama Battleship Memorial Park to explore military history.",Huntsville,"Visit the U.S. Space & Rocket Center, home to the Space Camp and the world's largest collection of rockets.;Explore the Huntsville Botanical Garden, a 112-acre oasis with beautiful gardens and a nature center.;Discover the early history of the South at the Alabama Constitution Village, an open-air museum.",Montgomery,"Visit the Alabama State Capitol, a beautiful example of Greek Revival architecture.;Explore the Montgomery Museum of Fine Arts, featuring a diverse collection of American, European, and Asian art.;Take a civil rights history tour to learn about the Montgomery Bus Boycott and the Montgomery Voting Rights March.",Tuscaloosa,"Visit the University of Alabama's Bryant-Denny Stadium for a football game during the fall.;Tour the Paul W. Bryant Museum to learn about the history of Alabama football.;Explore the Tuscaloosa Riverwalk, a scenic trail along the Black Warrior River."
18,mistral,tourism,"Hey, I'm a travel nurse living in Nashville now and I'm there until June. I've always wanted to visit Alabama but not really sure what are the must sees and dos? I was thinking about some sort of festival or sporting event. Not sure. Any help would be appreciated!
Your output format was incorrect earlier. Please precisely adhere to the JSON format instructions.",Birmingham,"Visit the Vulcan Park and Museum for a panoramic view of Birmingham and learn about the city's history.;Explore the Birmingham Zoo, one of the oldest and largest in the Southeast.;Enjoy live music at the Alabama Theatre, a historic venue that hosts concerts, movies, and stage shows.",Mobile,"Stroll along the Mobile Riverwalk, a beautiful waterfront promenade with restaurants, shops, and parks.;Visit the Mobile Carnival Museum to learn about the city's rich Mardi Gras history.;Take a tour of the USS Alabama Battleship Memorial Park to learn about maritime history.",Montgomery,"Visit the Alabama State Capitol, a beautiful example of Greek Revival architecture.;Explore the Montgomery Museum of Fine Arts, featuring works from American artists.;Take a civil rights history tour, including the Dexter Avenue King Memorial Baptist Church and the Rosa Parks Library and Museum.",Huntsville,"Visit the U.S. Space & Rocket Center, the largest space museum in the world.;Explore the Huntsville Botanical Garden, a beautiful oasis in the heart of the city.;Take a tour of the early 20th-century Twickenham Historic District.",Tuscaloosa,"Visit the University of Alabama's Bryant-Denny Stadium for a football game during the fall.;Tour the Paul W. Bryant Museum, dedicated to the history of Alabama football.;Explore the Tuscaloosa Riverwalk, a scenic trail along the Black Warrior River."
19,mistral,tourism,Things to do in Wisconsin for 3 days. I'm visiting Wisconsin around Milwaukee town in a few days with 2 older adults. What are the must to see / do things? Good restaurants to eat at and where would I find the CHEESE? The adults are active in physical health so no worry of a wheelchair. They like fun activities and love to explore and discover the cultural foods and life of a city.,Milwaukee,Milwaukee;Historical Landmarks;Milwaukee Art Museum;Harley-Davidson Museum;Pabst Mansion;Lake Michigan,Madison,Madison;Capitol Square;Olbrich Botanical Gardens;Wisconsin State Capitol;University of Wisconsin-Madison Campus;Lakes Mendota and Monona,Green Bay,Green Bay;National Railroad Museum;Lambeau Field (Home of the Green Bay Packers);Peggy's on the Bay;Bay Beach Amusement Park;St. Francis of Assisi Catholic Church,Door County,Door County;Lighthouse Tours;Door County Trolley;Peninsula State Park;Hands-On Art Studio;Sav distress51 famous cherry pies,Pewaukee,Pewaukee;Pewaukee Lake Beach;Natalie's Orchid Island Juicy Gelato;Pewaukee Lake Winery;Osteria Mozza Mia;Pewaukee City Park & Marina
20,mistral,tourism,Things to do in Wisconsin for 3 days. I'm visiting Wisconsin around Milwaukee town in a few days with 2 older adults. What are the must to see / do things? Good restaurants to eat at and where would I find the CHEESE? The adults are active in physical health so no worry of a wheelchair. They like fun activities and love to explore and discover the cultural foods and life of a city.,Milwaukee,"Visit the Milwaukee Art Museum for a stunning collection of art and architecture.;Explore the Harley-Davidson Museum to learn about the history of this iconic American brand.;Take a stroll along the Lakefront Trail for beautiful views of Lake Michigan.;Enjoy a meal at Sanford, a Michelin-starred restaurant offering contemporary American cuisine.;Find a variety of Wisconsin cheeses at the Milwaukee Public Market.",Kenosha,"Visit the Civil War Museum to learn about the history of the Civil War.;Explore the Kenosha Public Museum for exhibits on local history, archaeology, and natural history.;Take a walk along the Lake Michigan shoreline at Petrifying Well Park.;Dine at Alatsos Taverna for authentic Greek cuisine.;Find a variety of Wisconsin cheeses at the Kenosha Farmers Market.",Racine,"Visit the Racine Art Museum for a diverse collection of contemporary art.;Explore the Wind Point Lighthouse for beautiful views of Lake Michigan.;Take a stroll along the Root River Bike Trail.;Enjoy a meal at The Wine and Cheese Place, offering a variety of Wisconsin cheeses and wines.;Find a variety of Wisconsin cheeses at the Racine Farmers Market.",Sheboygan,"Visit the Sheboygan County Historical Museum for exhibits on local history.;Explore the John Michael Kohler Arts Center for contemporary art and music.;Take a walk along the Lake Michigan shoreline at Deland Park.;Enjoy a meal at The Vine, offering a variety of Wisconsin wines and cheeses.;Find a variety of Wisconsin cheeses at the Sheboygan Farmers Market.",Fond du Lac,"Visit the Fond du Lac County Historical Museum for exhibits on local history.;Explore Lakeside Park for beautiful views of Lake Winnebago.;Take a walk along the Oakwood Golf Course.;Enjoy a meal at Thelma Sadoff Center for the Arts, offering a variety of cultural events and dining options.;Find a variety of Wisconsin cheeses at the Fond du Lac Farmers Market."
21,mistral,tourism,Things to do in Wisconsin for 3 days. I'm visiting Wisconsin around Milwaukee town in a few days with 2 older adults. What are the must to see / do things? Good restaurants to eat at and where would I find the CHEESE? The adults are active in physical health so no worry of a wheelchair. They like fun activities and love to explore and discover the cultural foods and life of a city.,Milwaukee,Visit the Milwaukee Art Museum for a stunning collection of art and architecture.;Explore the Harley-Davidson Museum to learn about the history of this iconic American brand.;Take a stroll along the Milwaukee Riverwalk for beautiful views and outdoor dining.;Try traditional Wisconsin cuisine at restaurants like Sobelman's Pub and Grill or Lake Park Bistro.,Kenosha,Visit the Kenosha Public Museum to learn about local history and natural history.;Take a walk along the Kenosha HarborPark for beautiful lake views.;Explore the Civil War Museum and Education Center for a deep dive into American history.;Try local seafood at restaurants like The Purple Pub or The Dock,Racine,Visit the Racine Art Museum for a diverse collection of contemporary art.;Take a tour of the Wind Point Lighthouse for stunning lake views.;Explore the Racine Zoo for a variety of animals and educational exhibits.;Try local favorites like fresh fish fry at restaurants like The Draft Haus or The Silver Lake Tavern.,Sheboygan,Visit the Sheboygan County Historical Museum to learn about local history.;Take a walk along the Lakefront Park for beautiful lake views.;Explore the John Michael Kohler Arts Center for a unique blend of art and architecture.;Try local cheese at places like The Cheese Basket or Al's Wine and Cheese.,Fond du Lac,Visit the Fond du Lac Farmers Market for fresh produce and local goods.;Take a walk along the Lakeside Park for beautiful lake views.;Explore the Wade House Museum for a glimpse into 19th-century life.;Try local favorites like bratwurst at restaurants like Thelma Sadoff Center for the Arts Cafe or The Blue Heron.
22,mistral,opening_business,I want to open a coffee bookstore somewhere in Oregon and I'm trying to find the best city to do it. I want to market toward gen z and millennials. Does anyone live in a town where you might want something like this? Please let me know!!!,Portland,Vibrant arts and culture scene;High concentration of colleges and universities;Large population of millennials and gen Z;Robust public transportation system;Variety of unique neighborhoods with diverse demographics,Eugene,Home to the University of Oregon with a large student population;Active music and nightlife scene;Affordable cost of living compared to Portland;Walkable downtown area with numerous coffee shops;Community focus on sustainability and eco-friendliness,Corvallis,Home to Oregon State University with a large student population;Vibrant downtown area with numerous coffee shops;Affordable cost of living compared to Portland;Close proximity to the Willamette National Forest;Active outdoor recreation scene,Bend,Home to Central Oregon Community College with a large student population;Vibrant arts and culture scene;Active outdoor recreation scene;Growing tech industry attracting millennials and gen Z;Affordable cost of living compared to Portland,Ashland,Home to Southern Oregon University with a large student population;Vibrant arts and culture scene;Active outdoor recreation scene;Small town charm with easy access to larger cities;Unique coffee shops and cafes catering to a diverse clientele
23,mistral,opening_business,I want to open a coffee bookstore somewhere in Oregon and I'm trying to find the best city to do it. I want to market toward gen z and millennials. Does anyone live in a town where you might want something like this? Please let me know!!!,Portland,Vibrant arts and culture scene;High concentration of colleges and universities;Large population of millennials and gen Z;Robust public transportation system;Variety of unique neighborhoods with diverse demographics,Eugene,Home to the University of Oregon with a large student population;Active music and nightlife scene;Affordable cost of living compared to Portland;Walkable downtown area with numerous coffee shops;Community focus on sustainability and eco-friendliness,Corvallis,Home to Oregon State University with a large student population;Vibrant downtown area with numerous coffee shops;Affordable cost of living compared to Portland;Close proximity to the Willamette Valley wine region;Community focus on sustainability and eco-friendliness,Bend,Outdoor enthusiast's paradise with numerous recreational opportunities;Vibrant arts and culture scene;Growing population of millennials and gen Z;Unique downtown area with numerous coffee shops;Affordable cost of living compared to Portland,Ashland,Home to Southern Oregon University with a large student population;Vibrant arts and culture scene;Known for its annual Shakespeare Festival;Unique downtown area with numerous coffee shops;Affordable cost of living compared to Portland
24,mistral,opening_business,I want to open a coffee bookstore somewhere in Oregon and I'm trying to find the best city to do it. I want to market toward gen z and millennials. Does anyone live in a town where you might want something like this? Please let me know!!!,Portland,Vibrant arts and culture scene;High concentration of colleges and universities;Large population of millennials and gen Z;Robust public transportation system;Variety of unique neighborhoods with diverse demographics,Eugene,Home to the University of Oregon with a large student population;Active music and nightlife scene;Affordable cost of living compared to Portland;Walkable downtown area with numerous coffee shops;Community focus on sustainability and eco-friendliness,Corvallis,Home to Oregon State University with a large student population;Vibrant downtown area with numerous coffee shops;Affordable cost of living compared to Portland;Close proximity to the Willamette Valley wine region;Community focus on sustainability and eco-friendliness,Bend,Outdoor enthusiast's paradise with numerous recreational opportunities;Vibrant arts and culture scene;Growing population of millennials and gen Z;Unique downtown area with numerous coffee shops;Affordable cost of living compared to Portland,Ashland,Home to Southern Oregon University with a large student population;Vibrant arts and culture scene;Known for its annual Shakespeare Festival;Unique downtown area with numerous coffee shops;Affordable cost of living compared to Portland
25,mistral,opening_business,"hi, i have been looking at moving to vermont in the next few years to carry out my career as a dog trainer and i figured i should take some advice on where the best place may be to start a buisness. i am looking for somewhere relatively cheap",Bennington,"Bennington: Bennington is a charming town with a relatively low cost of living. It has a rich cultural scene, with several art galleries, museums, and historic sites.;Bennington: The town is also home to several dog parks, making it an ideal location for dog trainers.",Brattleboro,"Brattleboro: Brattlebot is known for its vibrant arts community, with several galleries, theater companies, and music venues. The town also has a number of dog-friendly hiking trails.;Brattleboro: The town's cost of living is relatively low compared to other parts of Vermont.",Rutland,"Rutland: Rutland is the third most populous city in Vermont and offers a good balance of urban and rural living. It has a variety of dog parks and hiking trails.;Rutland: The cost of living in Rutland is lower than the national average, making it a budget-friendly option.",Barre,"Barre: Barre is known for its granite industry. It has several parks, including a dog park, and offers a variety of outdoor recreational activities.;Barre: The cost of living in Barre is lower than the state average, making it an affordable option for a dog training business.",St. Johnsbury,"St. Johnsbury: St. Johnsbury is a historic town with several cultural attractions, including a museum of art and the Dog Chapel. It also has several dog-friendly hiking trails.;St. Johnsbury: The cost of living in St. Johnsbury is lower than the state average, making it a cost-effective option for a dog training business."
26,mistral,opening_business,"hi, i have been looking at moving to vermont in the next few years to carry out my career as a dog trainer and i figured i should take some advice on where the best place may be to start a buisness. i am looking for somewhere relatively cheap",Burlington,"Burlington: Burlington is the largest city in Vermont and offers a vibrant, dog-friendly community. It has many dog parks and trails for training purposes, and a strong demand for dog trainers.;High population density: Burlington has a high number of residents, which increases the potential clientele for a dog training business.;Vermont's largest city: Burlington's status as Vermont's largest city means access to resources and networking opportunities that smaller towns may not offer.;Cultural attractions: Burlington offers a variety of cultural attractions, which can provide opportunities for socialization training of dogs during outings.",Montpelier,"Montpelier: Montpelier is the state capital and offers a slower pace of life compared to Burlington. This may be desirable for some dog trainers.;Political connections: Montpelier's status as the state capital may provide opportunities to work with local political figures or entities, potentially opening up more opportunities for the dog training business.;Lower cost of living: Montpelier has a lower cost of living compared to Burlington, which may make it a more affordable option for starting a business.;Small-town charm: Montpelier retains a small-town feel, which may appeal to dog trainers looking for a more laid-back environment.",Rutland,"Rutland: Rutland is located in central Vermont and offers a mix of urban and rural environments, providing diverse training opportunities.;Affordable housing: Rutland has lower housing prices compared to Burlington and Montpelier, making it a more affordable option for starting a business.;Recreation opportunities: Rutland offers many outdoor recreation opportunities, such as hiking, skiing, and snowboarding, which can be beneficial for dog training.;Manufacturing and service industry: Rutland has a strong manufacturing and service industry, which may provide a stable economy for a dog training business.",Brattleboro,"Brattleboro: Brattleboro is located in southeastern Vermont and has a strong arts and cultural scene.;Diverse clientele: Brattleboro's diverse population can provide a diverse clientele for a dog training business.;Affordable housing: Brattleboro has lower housing prices compared to Burlington and Montpelier, making it a more affordable option for starting a business.;Outdoor recreation: Brattleboro is located near many outdoor recreation opportunities, such as hiking and kayaking, which can be beneficial for dog training.",St. Johnsbury,"St. Johnsbury: St. Johnsbury is located in northeastern Vermont and has a thriving arts and cultural scene.;Affordable housing: St. Johnsbury has lower housing prices compared to Burlington and Montpelier, making it a more affordable option for starting a business.;Small-town charm: St. Johnsbury retains a small-town feel, which may appeal to dog trainers looking for a more laid-back environment.;Outdoor recreation: St. Johnsbury is located near many outdoor recreation opportunities, such as hiking and skiing, which can be beneficial for dog training."
27,mistral,opening_business,"hi, i have been looking at moving to vermont in the next few years to carry out my career as a dog trainer and i figured i should take some advice on where the best place may be to start a buisness. i am looking for somewhere relatively cheap
Your output format was incorrect earlier. Please precisely adhere to the JSON format instructions.",Burlington,"Vibrant downtown area with a variety of businesses and amenities;Presence of Champlain College and University of Vermont, potential for partnerships and internships;High population density, larger customer base for a dog training business",Rutland,"Lower cost of living compared to Burlington and Montpelier;Proximity to Killington Ski Resort, potential for seasonal dog training services;Presence of Green Mountain College, potential for partnerships and internships",Montpelier,"State capital, potential for government contracts and partnerships;Smaller city, lower competition for dog training businesses;Presence of Vermont College of Fine Arts, potential for partnerships and internships",Bennington,"Lower cost of living compared to Burlington and Montpelier;Presence of Southern Vermont College, potential for partnerships and internships;Scenic location, attractive for tourists and pet owners",Barre,"Lower cost of living compared to Burlington and Rutland;Presence of Vermont Technical College, potential for partnerships and internships;Historic town, attractive for tourists and pet owners"
28,mistral,opening_business,"I don't plan on opening a business just yet, maybe in the future! But I am curious to know, if you were to open a restaurant in the DMV area, or around, where would you open one? I thought of this because a close friend of mine is always talking about expanding his restaurant business, but doesn't know where to start thinking of a location, he is based in the DMV.","Alexandria, VA","Vibrant food scene with a mix of traditional and innovative restaurants;Close proximity to Washington D.C., attracting a diverse customer base;High foot traffic from tourists and locals;Accessible public transportation;Variety of commercial real estate options","Arlington, VA","Home to numerous tech companies and government agencies, providing a steady stream of customers during lunch and dinner hours;Easily accessible via the Metro and major highways;Mixed-use development with residential, retail, and office spaces;A growing arts and entertainment district;A strong sense of community and local support for small businesses","Bethesda, MD","Affluent suburb with a high concentration of professionals and families;Close proximity to Washington D.C. and Bethesda, MD;High-end shopping and dining options attract a sophisticated clientele;Access to the Red Line Metro;A variety of commercial real estate options","Falls Church, VA","Home to numerous tech companies and government agencies, providing a steady stream of customers during lunch and dinner hours;Easily accessible via the Metro and major highways;Mixed-use development with residential, retail, and office spaces;A growing arts and entertainment district;A strong sense of community and local support for small businesses","Reston, VA","Home to numerous tech companies and government agencies, providing a steady stream of customers during lunch and dinner hours;Easily accessible via the Metro and major highways;Mixed-use development with residential, retail, and office spaces;A growing arts and entertainment district;A strong sense of community and local support for small businesses"
29,mistral,opening_business,"I don't plan on opening a business just yet, maybe in the future! But I am curious to know, if you were to open a restaurant in the DMV area, or around, where would you open one? I thought of this because a close friend of mine is always talking about expanding his restaurant business, but doesn't know where to start thinking of a location, he is based in the DMV.","Alexandria, VA","Vibrant food scene with a mix of traditional and innovative restaurants;Close proximity to Washington D.C., attracting a diverse customer base;High foot traffic from tourists and locals;Accessible public transportation;Variety of commercial real estate options","Arlington, VA","Home to numerous tech companies and government agencies, providing a steady stream of customers during lunch and dinner hours;Easily accessible via the Metro and major highways;Mixed-use development with residential, retail, and office spaces;A growing arts and entertainment district;A strong sense of community and local support for small businesses","Bethesda, MD","Affluent suburb with a high concentration of professionals and families;Close proximity to Washington D.C. and Bethesda, MD;High-end shopping and dining options attract a sophisticated clientele;Access to the Red Line Metro;A variety of commercial real estate options","Falls Church, VA","Home to numerous tech companies and government agencies, providing a steady stream of customers during lunch and dinner hours;Easily accessible via the Metro and major highways;Mixed-use development with residential, retail, and office spaces;A growing arts and entertainment district;A strong sense of community and local support for small businesses","Reston, VA","Home to numerous tech companies and government agencies, providing a steady stream of customers during lunch and dinner hours;Easily accessible via the Metro and major highways;Mixed-use development with residential, retail, and office spaces;A growing arts and entertainment district;A strong sense of community and local support for small businesses"
30,mistral,opening_business,"I don't plan on opening a business just yet, maybe in the future! But I am curious to know, if you were to open a restaurant in the DMV area, or around, where would you open one? I thought of this because a close friend of mine is always talking about expanding his restaurant business, but doesn't know where to start thinking of a location, he is based in the DMV.",Alexandria,"Rich cultural scene with various historical sites, vibrant arts, and a thriving foodie community;Close proximity to Washington D.C., offering potential for drawing city tourists;Accessible suburban setting with a diverse population and growing businesses",Arlington,"Vibrant urban atmosphere with a mix of businesses, residential, and cultural amenities;Proximity to several Fortune 500 companies, potentially attractive for corporate catering;Easy access to public transportation and the Metro, making it a convenient location for a restaurant",Fairfax,"Thriving technology and startup community, potentially attracting a younger clientele;Wide range of housing types and prices, catering to various income levels;Location between D.C. and Virginia, offering potential for drawing customers from both areas",Bethesda,"Proximity to several educational institutions, offering a steady customer base;Growing population and demographic diversity, catering to varying culinary preferences;Access to I-270 Tech Corridor, attracting professionals and students looking for dining options",Fredericksburg,"Historical and picturesque setting, offering a unique dining experience;Growing tourism and commercial development, providing potential for business growth;Central location in the state, making it easily accessible from various regions in Virginia"
31,mistral,opening_business,"What VA city/town/area is in need of a high quality (but not pretentious) bread/pastry bakery and/or pizzaria? Hello, Happy Sunday! I am seriously considering changing my career path and opening a bakery/pizzeria. I love living in this region of the US, and I am willing to move to an area that is in need of this service. If you have any ideas or input, I would love to know üíõ Thank you so much!!",Staunton,"Thriving arts and cultural scene with a strong focus on local businesses;Close proximity to James Madison University, attracting a young and diverse population;Affordable cost of living and real estate, making it an attractive location for small business owners",Charlottesville,"Home to the University of Virginia, attracting a large student population and a vibrant nightlife;Vibrant food scene with a growing interest in artisanal food and beverages;Strong local economy and a growing number of tech companies, providing a steady customer base",Harrisonburg,"Home to Eastern Mennonite University, attracting a diverse and educated population;Growing food scene with a focus on locally sourced ingredients;Affordable cost of living and real estate, making it an attractive location for small business owners",Lynchburg,"Home to Liberty University, attracting a large student population and a vibrant nightlife;Vibrant food scene with a growing interest in artisanal food and beverages;Strong local economy and a growing number of tech companies, providing a steady customer base",Roanoke,"Vibrant food scene with a growing interest in artisanal food and beverages;Affordable cost of living and real estate, making it an attractive location for small business owners;Strong local economy and a growing number of tech companies, providing a steady customer base"
32,mistral,opening_business,"What VA city/town/area is in need of a high quality (but not pretentious) bread/pastry bakery and/or pizzaria? Hello, Happy Sunday! I am seriously considering changing my career path and opening a bakery/pizzeria. I love living in this region of the US, and I am willing to move to an area that is in need of this service. If you have any ideas or input, I would love to know üíõ Thank you so much!!",Staunton,"Thriving arts and cultural scene with a strong focus on local businesses;Close proximity to the Shenandoah Valley, offering opportunities for farm-to-table ingredients;Vibrant downtown area with a growing foodie culture",Charlottesville,"Home to the University of Virginia, providing a steady customer base of students and faculty;Rich history and architectural beauty, attracting tourists and locals alike;Emerging food scene with a growing interest in artisanal food and beverages",Harrisonburg,"Home to James Madison University, offering a steady customer base of students and faculty;Vibrant downtown area with a growing foodie culture;Central location in the Shenandoah Valley, providing access to local farms and producers",Lynchburg,"Home to Liberty University, offering a steady customer base of students and faculty;Rich history and architectural beauty, attracting tourists and locals alike;Emerging food scene with a growing interest in artisanal food and beverages",Roanoke,"Home to Virginia Tech and Radford University, offering a steady customer base of students and faculty;Vibrant downtown area with a growing foodie culture;Central location in the Roanoke Valley, providing access to local farms and producers"
33,mistral,opening_business,"What VA city/town/area is in need of a high quality (but not pretentious) bread/pastry bakery and/or pizzaria? Hello, Happy Sunday! I am seriously considering changing my career path and opening a bakery/pizzeria. I love living in this region of the US, and I am willing to move to an area that is in need of this service. If you have any ideas or input, I would love to know üíõ Thank you so much!!",Staunton,"Thriving arts and cultural scene with a strong focus on local businesses;Close proximity to the Shenandoah Valley, offering opportunities for farm-to-table ingredients;Vibrant downtown area with a growing foodie culture",Charlottesville,"Home to the University of Virginia, providing a steady customer base of students and faculty;Rich history and architectural beauty, attracting tourists and locals alike;Emerging food scene with a growing interest in artisanal food and beverages",Harrisonburg,"Home to James Madison University, offering a steady customer base of students and faculty;Vibrant downtown area with a growing foodie culture;Central location in the Shenandoah Valley, providing access to local farms and producers",Lynchburg,"Home to Liberty University, offering a steady customer base of students and faculty;Rich history and architectural beauty, attracting tourists and locals alike;Emerging food scene with a growing interest in artisanal food and beverages",Roanoke,"Home to Virginia Tech and Radford University, offering a steady customer base of students and faculty;Vibrant downtown area with a growing foodie culture;Central location in the Roanoke Valley, providing access to local farms and producers"
